"Id","IdentityCard","Name","LastName","Email","LastModified","Created","Status"
"1","00000001","José Enrique","Silva Calderón","UO859632@email.com","2018-06-25 00:01:45.97000:0","2018-06-25 00:01:45.97000:0","1"
"2","00000002","Ronald","Huacca Incacutipa","UO859633@email.com","2018-06-25 00:01:45.970","2018-06-25 00:01:45.97000:0","1"
"3","00000003","Enrique Alejandro","Cabellos Barboza","UO875964@email.com","2018-06-25 00:01:45.97000:0","2018-06-25 00:01:45.97000:0","1"
"4","00000004","Pablo Amado","Vásquez Espinoza","UO124921@email.com","2018-06-25 00:01:45.970","2018-06-25 00:01:45.97000:0","1"
"5","00000005","Luis Alberto Jesús","Arenas Rojas","UO583745@email.com","2018-06-25 00:01:45.97000:0","2018-06-25 00:01:45.97000:0","1"
"6","00000006","Eduardo Antonio","Ramal Álvarez","UO898758@email.com","2018-06-25 00:01:45.970","2018-06-25 00:01:45.97000:0","1"
"7","00000007","Sandy Paola","Vera Espinoza","UO235426ra@email.com","2018-06-25 00:01:45.97000:0","2018-06-25 00:01:45.97000:0","1"
"8","00000008","Sandro Miguel","Salcedo Mamani","UO893147@email.com","2018-06-25 00:01:45.970","2018-06-25 00:01:45.97000:0","1"
"9","00000009","Debbie Peter","Muñante Melgar","UO963673@email.com","2018-06-25 00:01:45.97000:0","2018-06-25 00:01:45.97000:0","1"
"10","00000010","Luis Alberto","Aduvire Soto","UO872165@email.com","2018-06-25 00:01:45.970","2018-06-25 00:01:45.97000:0","1"
"11","00000011","Hernan Federico","Diaz Zelada","UO478932@email.com","2018-06-25 00:01:45.97000:0","2018-06-25 00:01:45.97000:0","1"
"12","00000012","Cristobal Benji","Machaca Quispe","UO452369@email.com","2018-06-25 00:01:45.970","2018-06-25 00:01:45.97000:0","1"
"13","00000013","Jehovanni Fabricio","Velarde Molina","UO774247@email.com","2018-06-25 00:01:45.97000:0","2018-06-25 00:01:45.97000:0","1"
"14","00000014","Elmer Jesús","Cruz Arocutipa","UO896326@email.com","2018-06-25 00:01:45.970","2018-06-25 00:01:45.97000:0","1"
"15","00000015","Giomar Walter","Moscoso Zegarra","UO896324@email.com","2018-06-25 00:01:45.97000:0","2018-06-25 00:01:45.97000:0","1"
"16","00000016","Luis Enrique","Espinoza Villalobos","UO256932@email.com","2018-06-25 00:01:45.970","2018-06-25 00:01:45.97000:0","1"
"17","00000017","Ernesto Alessandro","Leo Rossi","UO257896@email.com","2018-06-25 00:01:45.97000:0","2018-06-25 00:01:45.97000:0","1"
"18","00000018","Luis Enrique","Quiñones Baraybar","UO236415@email.com","2018-06-25 00:01:45.970","2018-06-25 00:01:45.97000:0","1"
"19","00000019","Ben Yusef","Yabar Vega","UO213695r@email.com","2018-06-25 00:01:45.97000:0","2018-06-25 00:01:45.97000:0","1"
"20","00000020","César Alonso","Calle Herencia","UO213693@email.com","2018-06-25 00:01:45.970","2018-06-25 00:01:45.97000:0","1"
"21","00000021","Francisco","Mora","UO213694@email.com","2018-06-25 00:01:45.97000:0","2018-06-25 00:01:45.97000:0","1"
"22","00000022","Aldo","Larriviere","UO231254@email.com","2018-06-25 00:01:45.970","2018-06-25 00:01:45.97000:0","1"
"23","00000023","Hebert","Tellería Navarro","UO213695@email.com","2018-06-25 00:01:45.97000:0","2018-06-25 00:01:45.97000:0","1"
"24","00000024","María","Álvarez Cuartas","UO220200@email.com","2018-06-25 00:01:45.973","2018-06-25 00:01:45.97300:0","1"
"25","00000025","Benito","Álvarez García","UO221371@email.com","2018-06-25 00:01:45.97300:0","2018-06-25 00:01:45.97300:0","1"
"26","00000026","Emilio","Álvarez Rodríguez","UO225476@email.com","2018-06-25 00:01:45.973","2018-06-25 00:01:45.97300:0","1"
"27","00000027","María","Álvarez Tamargo","UO218844@email.com","2018-06-25 00:01:45.97300:0","2018-06-25 00:01:45.97300:0","1"
"28","00000028","Julio","Astray Sánchez","UO224798@email.com","2018-06-25 00:01:45.973","2018-06-25 00:01:45.97300:0","1"
"29","00000029","Moisés","Barrera Cuervo","UO223346@email.com","2018-06-25 00:01:45.97300:0","2018-06-25 00:01:45.97300:0","1"
"30","00000031","Paula","Campo Rilo","UO218540@email.com","2018-06-25 00:01:45.973","2018-06-25 00:01:45.97300:0","1"
"31","00000032","Jaime","Cortés-echánove García","UO226757@email.com","2018-06-25 00:01:45.97300:0","2018-06-25 00:01:45.97300:0","1"
"32","00000033","Íñigo","Díaz Ubieta","UO226784@email.com","2018-06-25 00:01:45.973","2018-06-25 00:01:45.97300:0","1"
"33","00000034","Bruno","Fernández Espina","UO217327@email.com","2018-06-25 00:01:45.97300:0","2018-06-25 00:01:45.97300:0","1"
"34","00000035","Héctor","Fernández Fernández-nespral","UO226310@email.com","2018-06-25 00:01:45.973","2018-06-25 00:01:45.97300:0","1"
"35","00000036","Pedro","Fernández Somoano","UO224862@email.com","2018-06-25 00:01:45.97300:0","2018-06-25 00:01:45.97300:0","1"
"36","00000037","Alejandra","García Fernández","UO217358@email.com","2018-06-25 00:01:45.973","2018-06-25 00:01:45.97300:0","1"
"37","00000038","Beatriz","García García","UO225962@email.com","2018-06-25 00:01:45.97300:0","2018-06-25 00:01:45.97300:0","1"
"38","00000039","Pablo","García García","UO226448@email.com","2018-06-25 00:01:45.973","2018-06-25 00:01:45.97300:0","1"
"39","00000040","Guillermo","García González","UO217103@email.com","2018-06-25 00:01:45.97300:0","2018-06-25 00:01:45.97300:0","1"
"40","00000041","Adrián","García Suárez","UO224395@email.com","2018-06-25 00:01:45.973","2018-06-25 00:01:45.97300:0","1"
"41","00000042","Antonio","González García","UO218684@email.com","2018-06-25 00:01:45.97300:0","2018-06-25 00:01:45.97300:0","1"
"42","00000043","Maria Adelaida","González Tomás","UO201985@email.com","2018-06-25 00:01:45.973","2018-06-25 00:01:45.97300:0","1"
"43","00000044","Lucía","Iglesias Santirso","UO213311@email.com","2018-06-25 00:01:45.97300:0","2018-06-25 00:01:45.97300:0","1"
"44","00000045","Juan Manuel","Martínez Álvarez","UO224962@email.com","2018-06-25 00:01:45.973","2018-06-25 00:01:45.97300:0","1"
"45","00000046","Paula","Martínez Morán","UO216778@email.com","2018-06-25 00:01:45.97300:0","2018-06-25 00:01:45.97300:0","1"
"46","00000047","Virginia María","Mas Andrés","UO218186@email.com","2018-06-25 00:01:45.973","2018-06-25 00:01:45.97300:0","1"
"47","00000048","Guillermo","Menéndez Gutiérrez","UO225964@email.com","2018-06-25 00:01:45.97300:0","2018-06-25 00:01:45.97300:0","1"
"48","00000049","Víctor","Nicieza Fernández","UO226438@email.com","2018-06-25 00:01:45.973","2018-06-25 00:01:45.97300:0","1"
"49","00000050","Peru","Ornosa Miravalles","UO218115@email.com","2018-06-25 00:01:45.97300:0","2018-06-25 00:01:45.97300:0","1"
"50","00000051","Oriol","Ortega Moro","UO213175@email.com","2018-06-25 00:01:45.973","2018-06-25 00:01:45.97300:0","1"
"51","00000052","Fabián","Pérez Fernández","UO217690@email.com","2018-06-25 00:01:45.97300:0","2018-06-25 00:01:45.97300:0","1"
"52","00000053","Fernando","Pérez Gutiérrez","UO208670@email.com","2018-06-25 00:01:45.973","2018-06-25 00:01:45.97300:0","1"
"53","00000054","María","Quevedo Alvaréz","UO218730@email.com","2018-06-25 00:01:45.97300:0","2018-06-25 00:01:45.97300:0","1"
"54","00000055","David","Rodríguez Alonso","UO212469@email.com","2018-06-25 00:01:45.973","2018-06-25 00:01:45.97300:0","1"
"55","00000056","Borja","Rodríguez Peláez","UO219344@email.com","2018-06-25 00:01:45.97300:0","2018-06-25 00:01:45.97300:0","1"
"56","00000057","Javier","Rodríguez Rodríguez","UO204336@email.com","2018-06-25 00:01:45.973","2018-06-25 00:01:45.97300:0","1"
"57","00000058","Joaquín","Rosal Fraga","UO13346@email.com","2018-06-25 00:01:45.97300:0","2018-06-25 00:01:45.97300:0","1"
"58","00000059","Miriam","Ruiz Gómez","UO217527@email.com","2018-06-25 00:01:45.973","2018-06-25 00:01:45.97300:0","1"
"59","00000060","Héctor Miguel","Sanz De Pedro","UO50725@email.com","2018-06-25 00:01:45.97300:0","2018-06-25 00:01:45.97300:0","1"
"60","00000061","Álvaro","Serrano Fernández De Travanco","UO218256@email.com","2018-06-25 00:01:45.973","2018-06-25 00:01:45.97300:0","1"
"61","00000062","Ramón","Torrecillas Reig","UO219037@email.com","2018-06-25 00:01:45.97300:0","2018-06-25 00:01:45.97300:0","1"
"62","00000063","Mario","Villa Carro","UO210010@email.com","2018-06-25 00:01:45.973","2018-06-25 00:01:45.97300:0","1"
"63","00000064","Jorge","Zapico Álvarez","UO225895@email.com","2018-06-25 00:01:45.97300:0","2018-06-25 00:01:45.97300:0","1"
